{"cameraMode":{"drawMode":0,"name":"Shaded","section":"Shading Mode"},"sceneLighting":true,"audioPlay":false,"sceneViewState":{"m_AlwaysRefresh":false,"showFog":true,"showSkybox":true,"showFlares":true,"showImageEffects":true,"showParticleSystems":true,"showVisualEffectGraphs":true,"m_FxEnabled":true},"in2DMode":false,"pivot":{"x":-0.9421716332435608,"y":2.787428855895996,"z":-0.497524619102478},"rotation":{"x":-0.06293164193630219,"y":-0.029335757717490197,"z":-0.0018511165399104357,"w":0.9975900053977966},"size":5.966026306152344,"orthographic":false}